rank,herb_id,herb_name,herb_latin,herb_chinese,herb_pinyin,adr_id,adr_pt,prediction_score,score,original_score,has_explicit_mechanism_path,mechanism_path_count,explicit_mechanism_path_count,top_mechanism_paths,source,candidate_source,checkpoint_path,is_final_10fold_export,claim_boundary
1,234,Anemone obtusiloba,Anemone obtusiloba,,DUN LIE YIN LIAN HUA,3989,Altered state of consciousness,0.9989724159240723,0.9989724159240723,0.9989724159240723,False,1,0,知识图谱中未发现该 CMM–ADR 对的显式短路径（模型仍基于嵌入推断）,pu_xmsat_global_unobserved_pairs,pu_xmsat_global_unobserved_pairs,saved_models/pu_xmsat_formal/pu_xmsat_full_msat_pu_hybrid_seed2026_pairs66015_valf1_u0p2_rn0p8_fold0.pt,True,"PU-XMSAT prediction scores are model-ranked hypotheses for CMM-ADR triage; they are not external clinical validation, confirmed causal effects, or medical recommendations."
2,237,野草莓（Fragaria vesca?L.）,Fragaria vesca?L.,野草莓,YE CAO MEI,3989,Altered state of consciousness,0.9989712238311768,0.9989712238311768,0.9989712238311768,True,6,6,成分介导：野草莓（Fragaria vesca?L.） → Compound #1073 → Target #2586 ← Altered state of consciousness || 成分介导：野草莓（Fragaria vesca?L.） → Compound #1073 → Target #7213 ← Altered state of consciousness || 成分介导：野草莓（Fragaria vesca?L.） → Compound #965 → Target #2586 ← Altered state of consciousness || 成分介导：野草莓（Fragaria vesca?L.） → Compound #965 → Target #7213 ← Altered state of consciousness || 成分介导：野草莓（Fragaria vesca?L.） → Compound #1023 → Target #7213 ← Altered state of consciousness || 成分介导：野草莓（Fragaria vesca?L.） → Compound #1023 → Target #6478 ← Altered state of consciousness,pu_xmsat_global_unobserved_pairs,pu_xmsat_global_unobserved_pairs,saved_models/pu_xmsat_formal/pu_xmsat_full_msat_pu_hybrid_seed2026_pairs66015_valf1_u0p2_rn0p8_fold0.pt,True,"PU-XMSAT prediction scores are model-ranked hypotheses for CMM-ADR triage; they are not external clinical validation, confirmed causal effects, or medical recommendations."
3,237,野草莓（Fragaria vesca?L.）,Fragaria vesca?L.,野草莓,YE CAO MEI,1506,Prostate examination abnormal,0.9989595413208008,0.9989595413208008,0.9989595413208008,False,1,0,知识图谱中未发现该 CMM–ADR 对的显式短路径（模型仍基于嵌入推断）,pu_xmsat_global_unobserved_pairs,pu_xmsat_global_unobserved_pairs,saved_models/pu_xmsat_formal/pu_xmsat_full_msat_pu_hybrid_seed2026_pairs66015_valf1_u0p2_rn0p8_fold0.pt,True,"PU-XMSAT prediction scores are model-ranked hypotheses for CMM-ADR triage; they are not external clinical validation, confirmed causal effects, or medical recommendations."
4,234,Anemone obtusiloba,Anemone obtusiloba,,DUN LIE YIN LIAN HUA,4363,Vegetative dystonia,0.9989526271820068,0.9989526271820068,0.9989526271820068,False,1,0,知识图谱中未发现该 CMM–ADR 对的显式短路径（模型仍基于嵌入推断）,pu_xmsat_global_unobserved_pairs,pu_xmsat_global_unobserved_pairs,saved_models/pu_xmsat_formal/pu_xmsat_full_msat_pu_hybrid_seed2026_pairs66015_valf1_u0p2_rn0p8_fold0.pt,True,"PU-XMSAT prediction scores are model-ranked hypotheses for CMM-ADR triage; they are not external clinical validation, confirmed causal effects, or medical recommendations."
5,573,菝契（Smilax china [Syn. Smilax japonica ]）,Smilax china [Syn. Smilax japonica ],菝契,BA QIA,1506,Prostate examination abnormal,0.998948872089386,0.998948872089386,0.998948872089386,False,1,0,知识图谱中未发现该 CMM–ADR 对的显式短路径（模型仍基于嵌入推断）,pu_xmsat_global_unobserved_pairs,pu_xmsat_global_unobserved_pairs,saved_models/pu_xmsat_formal/pu_xmsat_full_msat_pu_hybrid_seed2026_pairs66015_valf1_u0p2_rn0p8_fold0.pt,True,"PU-XMSAT prediction scores are model-ranked hypotheses for CMM-ADR triage; they are not external clinical validation, confirmed causal effects, or medical recommendations."
6,526,板栗（Castanea mollissima）,Castanea mollissima,板栗,LI SHU PI,1506,Prostate examination abnormal,0.9989407658576965,0.9989407658576965,0.9989407658576965,False,1,0,知识图谱中未发现该 CMM–ADR 对的显式短路径（模型仍基于嵌入推断）,pu_xmsat_global_unobserved_pairs,pu_xmsat_global_unobserved_pairs,saved_models/pu_xmsat_formal/pu_xmsat_full_msat_pu_hybrid_seed2026_pairs66015_valf1_u0p2_rn0p8_fold0.pt,True,"PU-XMSAT prediction scores are model-ranked hypotheses for CMM-ADR triage; they are not external clinical validation, confirmed causal effects, or medical recommendations."
7,234,Anemone obtusiloba,Anemone obtusiloba,,DUN LIE YIN LIAN HUA,4535,Flushing,0.9989319443702698,0.9989319443702698,0.9989319443702698,False,1,0,知识图谱中未发现该 CMM–ADR 对的显式短路径（模型仍基于嵌入推断）,pu_xmsat_global_unobserved_pairs,pu_xmsat_global_unobserved_pairs,saved_models/pu_xmsat_formal/pu_xmsat_full_msat_pu_hybrid_seed2026_pairs66015_valf1_u0p2_rn0p8_fold0.pt,True,"PU-XMSAT prediction scores are model-ranked hypotheses for CMM-ADR triage; they are not external clinical validation, confirmed causal effects, or medical recommendations."
8,526,板栗（Castanea mollissima）,Castanea mollissima,板栗,LI SHU PI,4363,Vegetative dystonia,0.9989264607429504,0.9989264607429504,0.9989264607429504,False,1,0,知识图谱中未发现该 CMM–ADR 对的显式短路径（模型仍基于嵌入推断）,pu_xmsat_global_unobserved_pairs,pu_xmsat_global_unobserved_pairs,saved_models/pu_xmsat_formal/pu_xmsat_full_msat_pu_hybrid_seed2026_pairs66015_valf1_u0p2_rn0p8_fold0.pt,True,"PU-XMSAT prediction scores are model-ranked hypotheses for CMM-ADR triage; they are not external clinical validation, confirmed causal effects, or medical recommendations."
9,145,刺菜蓟（Cynara cardunculus）,Cynara cardunculus,刺菜蓟,CI CAI JI,4363,Vegetative dystonia,0.9988911747932434,0.9988911747932434,0.9988911747932434,False,1,0,知识图谱中未发现该 CMM–ADR 对的显式短路径（模型仍基于嵌入推断）,pu_xmsat_global_unobserved_pairs,pu_xmsat_global_unobserved_pairs,saved_models/pu_xmsat_formal/pu_xmsat_full_msat_pu_hybrid_seed2026_pairs66015_valf1_u0p2_rn0p8_fold0.pt,True,"PU-XMSAT prediction scores are model-ranked hypotheses for CMM-ADR triage; they are not external clinical validation, confirmed causal effects, or medical recommendations."
10,52,Origani herba,Origani herba,,,4363,Vegetative dystonia,0.998884379863739,0.998884379863739,0.998884379863739,False,1,0,知识图谱中未发现该 CMM–ADR 对的显式短路径（模型仍基于嵌入推断）,pu_xmsat_global_unobserved_pairs,pu_xmsat_global_unobserved_pairs,saved_models/pu_xmsat_formal/pu_xmsat_full_msat_pu_hybrid_seed2026_pairs66015_valf1_u0p2_rn0p8_fold0.pt,True,"PU-XMSAT prediction scores are model-ranked hypotheses for CMM-ADR triage; they are not external clinical validation, confirmed causal effects, or medical recommendations."
11,145,刺菜蓟（Cynara cardunculus）,Cynara cardunculus,刺菜蓟,CI CAI JI,4535,Flushing,0.998863935470581,0.998863935470581,0.998863935470581,False,1,0,知识图谱中未发现该 CMM–ADR 对的显式短路径（模型仍基于嵌入推断）,pu_xmsat_global_unobserved_pairs,pu_xmsat_global_unobserved_pairs,saved_models/pu_xmsat_formal/pu_xmsat_full_msat_pu_hybrid_seed2026_pairs66015_valf1_u0p2_rn0p8_fold0.pt,True,"PU-XMSAT prediction scores are model-ranked hypotheses for CMM-ADR triage; they are not external clinical validation, confirmed causal effects, or medical recommendations."
12,52,Origani herba,Origani herba,,,4997,Jaundice,0.9987850785255432,0.9987850785255432,0.9987850785255432,False,1,0,知识图谱中未发现该 CMM–ADR 对的显式短路径（模型仍基于嵌入推断）,pu_xmsat_global_unobserved_pairs,pu_xmsat_global_unobserved_pairs,saved_models/pu_xmsat_formal/pu_xmsat_full_msat_pu_hybrid_seed2026_pairs66015_valf1_u0p2_rn0p8_fold0.pt,True,"PU-XMSAT prediction scores are model-ranked hypotheses for CMM-ADR triage; they are not external clinical validation, confirmed causal effects, or medical recommendations."
13,234,Anemone obtusiloba,Anemone obtusiloba,,DUN LIE YIN LIAN HUA,1810,Proteinuria,0.998772919178009,0.998772919178009,0.998772919178009,False,1,0,知识图谱中未发现该 CMM–ADR 对的显式短路径（模型仍基于嵌入推断）,pu_xmsat_global_unobserved_pairs,pu_xmsat_global_unobserved_pairs,saved_models/pu_xmsat_formal/pu_xmsat_full_msat_pu_hybrid_seed2026_pairs66015_valf1_u0p2_rn0p8_fold0.pt,True,"PU-XMSAT prediction scores are model-ranked hypotheses for CMM-ADR triage; they are not external clinical validation, confirmed causal effects, or medical recommendations."
14,526,板栗（Castanea mollissima）,Castanea mollissima,板栗,LI SHU PI,862,Teeth clenching,0.9987414479255676,0.9987414479255676,0.9987414479255676,False,1,0,知识图谱中未发现该 CMM–ADR 对的显式短路径（模型仍基于嵌入推断）,pu_xmsat_global_unobserved_pairs,pu_xmsat_global_unobserved_pairs,saved_models/pu_xmsat_formal/pu_xmsat_full_msat_pu_hybrid_seed2026_pairs66015_valf1_u0p2_rn0p8_fold0.pt,True,"PU-XMSAT prediction scores are model-ranked hypotheses for CMM-ADR triage; they are not external clinical validation, confirmed causal effects, or medical recommendations."
15,234,Anemone obtusiloba,Anemone obtusiloba,,DUN LIE YIN LIAN HUA,862,Teeth clenching,0.9987037181854248,0.9987037181854248,0.9987037181854248,False,1,0,知识图谱中未发现该 CMM–ADR 对的显式短路径（模型仍基于嵌入推断）,pu_xmsat_global_unobserved_pairs,pu_xmsat_global_unobserved_pairs,saved_models/pu_xmsat_formal/pu_xmsat_full_msat_pu_hybrid_seed2026_pairs66015_valf1_u0p2_rn0p8_fold0.pt,True,"PU-XMSAT prediction scores are model-ranked hypotheses for CMM-ADR triage; they are not external clinical validation, confirmed causal effects, or medical recommendations."
16,483,香椽皮（Cortex Citri）,Cortex Citri,香椽皮,XIANG CHUAN PI,4535,Flushing,0.9986565113067627,0.9986565113067627,0.9986565113067627,False,1,0,知识图谱中未发现该 CMM–ADR 对的显式短路径（模型仍基于嵌入推断）,pu_xmsat_global_unobserved_pairs,pu_xmsat_global_unobserved_pairs,saved_models/pu_xmsat_formal/pu_xmsat_full_msat_pu_hybrid_seed2026_pairs66015_valf1_u0p2_rn0p8_fold0.pt,True,"PU-XMSAT prediction scores are model-ranked hypotheses for CMM-ADR triage; they are not external clinical validation, confirmed causal effects, or medical recommendations."
17,483,香椽皮（Cortex Citri）,Cortex Citri,香椽皮,XIANG CHUAN PI,4363,Vegetative dystonia,0.9986562728881836,0.9986562728881836,0.9986562728881836,False,1,0,知识图谱中未发现该 CMM–ADR 对的显式短路径（模型仍基于嵌入推断）,pu_xmsat_global_unobserved_pairs,pu_xmsat_global_unobserved_pairs,saved_models/pu_xmsat_formal/pu_xmsat_full_msat_pu_hybrid_seed2026_pairs66015_valf1_u0p2_rn0p8_fold0.pt,True,"PU-XMSAT prediction scores are model-ranked hypotheses for CMM-ADR triage; they are not external clinical validation, confirmed causal effects, or medical recommendations."
18,237,野草莓（Fragaria vesca?L.）,Fragaria vesca?L.,野草莓,YE CAO MEI,2625,Conjunctival hyperaemia,0.9986534118652344,0.9986534118652344,0.9986534118652344,False,1,0,知识图谱中未发现该 CMM–ADR 对的显式短路径（模型仍基于嵌入推断）,pu_xmsat_global_unobserved_pairs,pu_xmsat_global_unobserved_pairs,saved_models/pu_xmsat_formal/pu_xmsat_full_msat_pu_hybrid_seed2026_pairs66015_valf1_u0p2_rn0p8_fold0.pt,True,"PU-XMSAT prediction scores are model-ranked hypotheses for CMM-ADR triage; they are not external clinical validation, confirmed causal effects, or medical recommendations."
19,145,刺菜蓟（Cynara cardunculus）,Cynara cardunculus,刺菜蓟,CI CAI JI,1810,Proteinuria,0.9986129999160767,0.9986129999160767,0.9986129999160767,False,1,0,知识图谱中未发现该 CMM–ADR 对的显式短路径（模型仍基于嵌入推断）,pu_xmsat_global_unobserved_pairs,pu_xmsat_global_unobserved_pairs,saved_models/pu_xmsat_formal/pu_xmsat_full_msat_pu_hybrid_seed2026_pairs66015_valf1_u0p2_rn0p8_fold0.pt,True,"PU-XMSAT prediction scores are model-ranked hypotheses for CMM-ADR triage; they are not external clinical validation, confirmed causal effects, or medical recommendations."
20,573,菝契（Smilax china [Syn. Smilax japonica ]）,Smilax china [Syn. Smilax japonica ],菝契,BA QIA,2625,Conjunctival hyperaemia,0.9985972046852112,0.9985972046852112,0.9985972046852112,False,1,0,知识图谱中未发现该 CMM–ADR 对的显式短路径（模型仍基于嵌入推断）,pu_xmsat_global_unobserved_pairs,pu_xmsat_global_unobserved_pairs,saved_models/pu_xmsat_formal/pu_xmsat_full_msat_pu_hybrid_seed2026_pairs66015_valf1_u0p2_rn0p8_fold0.pt,True,"PU-XMSAT prediction scores are model-ranked hypotheses for CMM-ADR triage; they are not external clinical validation, confirmed causal effects, or medical recommendations."
21,237,野草莓（Fragaria vesca?L.）,Fragaria vesca?L.,野草莓,YE CAO MEI,5965,Atrioventricular dissociation,0.9985413551330566,0.9985413551330566,0.9985413551330566,False,1,0,知识图谱中未发现该 CMM–ADR 对的显式短路径（模型仍基于嵌入推断）,pu_xmsat_global_unobserved_pairs,pu_xmsat_global_unobserved_pairs,saved_models/pu_xmsat_formal/pu_xmsat_full_msat_pu_hybrid_seed2026_pairs66015_valf1_u0p2_rn0p8_fold0.pt,True,"PU-XMSAT prediction scores are model-ranked hypotheses for CMM-ADR triage; they are not external clinical validation, confirmed causal effects, or medical recommendations."
22,52,Origani herba,Origani herba,,,862,Teeth clenching,0.9985272884368896,0.9985272884368896,0.9985272884368896,False,1,0,知识图谱中未发现该 CMM–ADR 对的显式短路径（模型仍基于嵌入推断）,pu_xmsat_global_unobserved_pairs,pu_xmsat_global_unobserved_pairs,saved_models/pu_xmsat_formal/pu_xmsat_full_msat_pu_hybrid_seed2026_pairs66015_valf1_u0p2_rn0p8_fold0.pt,True,"PU-XMSAT prediction scores are model-ranked hypotheses for CMM-ADR triage; they are not external clinical validation, confirmed causal effects, or medical recommendations."
23,573,菝契（Smilax china [Syn. Smilax japonica ]）,Smilax china [Syn. Smilax japonica ],菝契,BA QIA,5965,Atrioventricular dissociation,0.9985170960426331,0.9985170960426331,0.9985170960426331,False,1,0,知识图谱中未发现该 CMM–ADR 对的显式短路径（模型仍基于嵌入推断）,pu_xmsat_global_unobserved_pairs,pu_xmsat_global_unobserved_pairs,saved_models/pu_xmsat_formal/pu_xmsat_full_msat_pu_hybrid_seed2026_pairs66015_valf1_u0p2_rn0p8_fold0.pt,True,"PU-XMSAT prediction scores are model-ranked hypotheses for CMM-ADR triage; they are not external clinical validation, confirmed causal effects, or medical recommendations."
24,196,Isodon liangshanica,Isodon liangshanica,,LIANG SHAN XIANG CHA CAI,2408,Persistent vomiting,0.9984967708587646,0.9984967708587646,0.9984967708587646,False,1,0,知识图谱中未发现该 CMM–ADR 对的显式短路径（模型仍基于嵌入推断）,pu_xmsat_global_unobserved_pairs,pu_xmsat_global_unobserved_pairs,saved_models/pu_xmsat_formal/pu_xmsat_full_msat_pu_hybrid_seed2026_pairs66015_valf1_u0p2_rn0p8_fold0.pt,True,"PU-XMSAT prediction scores are model-ranked hypotheses for CMM-ADR triage; they are not external clinical validation, confirmed causal effects, or medical recommendations."
25,333,Delphinium pentagynum,Delphinium pentagynum,,WU ZHU FEI YAN CAO,4363,Vegetative dystonia,0.998485267162323,0.998485267162323,0.998485267162323,False,1,0,知识图谱中未发现该 CMM–ADR 对的显式短路径（模型仍基于嵌入推断）,pu_xmsat_global_unobserved_pairs,pu_xmsat_global_unobserved_pairs,saved_models/pu_xmsat_formal/pu_xmsat_full_msat_pu_hybrid_seed2026_pairs66015_valf1_u0p2_rn0p8_fold0.pt,True,"PU-XMSAT prediction scores are model-ranked hypotheses for CMM-ADR triage; they are not external clinical validation, confirmed causal effects, or medical recommendations."
26,539,盐酸吗啉胍（Moroxydini Hydrochloridum）,Moroxydini Hydrochloridum,盐酸吗啉胍,YAN SUAN MA LIN GUA,4363,Vegetative dystonia,0.9984766840934753,0.9984766840934753,0.9984766840934753,False,1,0,知识图谱中未发现该 CMM–ADR 对的显式短路径（模型仍基于嵌入推断）,pu_xmsat_global_unobserved_pairs,pu_xmsat_global_unobserved_pairs,saved_models/pu_xmsat_formal/pu_xmsat_full_msat_pu_hybrid_seed2026_pairs66015_valf1_u0p2_rn0p8_fold0.pt,True,"PU-XMSAT prediction scores are model-ranked hypotheses for CMM-ADR triage; they are not external clinical validation, confirmed causal effects, or medical recommendations."
27,314,耙齿菌多糖（Irpex lacteus?(Fr.) Fr.）,Irpex lacteus?(Fr.) Fr.,耙齿菌多糖,PA?CHI JUN DUO TANG,4363,Vegetative dystonia,0.9984696507453918,0.9984696507453918,0.9984696507453918,False,1,0,知识图谱中未发现该 CMM–ADR 对的显式短路径（模型仍基于嵌入推断）,pu_xmsat_global_unobserved_pairs,pu_xmsat_global_unobserved_pairs,saved_models/pu_xmsat_formal/pu_xmsat_full_msat_pu_hybrid_seed2026_pairs66015_valf1_u0p2_rn0p8_fold0.pt,True,"PU-XMSAT prediction scores are model-ranked hypotheses for CMM-ADR triage; they are not external clinical validation, confirmed causal effects, or medical recommendations."
28,234,Anemone obtusiloba,Anemone obtusiloba,,DUN LIE YIN LIAN HUA,5579,Hangover,0.9984694123268127,0.9984694123268127,0.9984694123268127,False,1,0,知识图谱中未发现该 CMM–ADR 对的显式短路径（模型仍基于嵌入推断）,pu_xmsat_global_unobserved_pairs,pu_xmsat_global_unobserved_pairs,saved_models/pu_xmsat_formal/pu_xmsat_full_msat_pu_hybrid_seed2026_pairs66015_valf1_u0p2_rn0p8_fold0.pt,True,"PU-XMSAT prediction scores are model-ranked hypotheses for CMM-ADR triage; they are not external clinical validation, confirmed causal effects, or medical recommendations."
29,539,盐酸吗啉胍（Moroxydini Hydrochloridum）,Moroxydini Hydrochloridum,盐酸吗啉胍,YAN SUAN MA LIN GUA,5596,Tinnitus,0.9984644651412964,0.9984644651412964,0.9984644651412964,False,1,0,知识图谱中未发现该 CMM–ADR 对的显式短路径（模型仍基于嵌入推断）,pu_xmsat_global_unobserved_pairs,pu_xmsat_global_unobserved_pairs,saved_models/pu_xmsat_formal/pu_xmsat_full_msat_pu_hybrid_seed2026_pairs66015_valf1_u0p2_rn0p8_fold0.pt,True,"PU-XMSAT prediction scores are model-ranked hypotheses for CMM-ADR triage; they are not external clinical validation, confirmed causal effects, or medical recommendations."
30,337,埃及三叶草（Trifolium alexandrinum）,Trifolium alexandrinum,埃及三叶草,AI JI CHE ZHOU CAO,4535,Flushing,0.9984630346298218,0.9984630346298218,0.9984630346298218,False,1,0,知识图谱中未发现该 CMM–ADR 对的显式短路径（模型仍基于嵌入推断）,pu_xmsat_global_unobserved_pairs,pu_xmsat_global_unobserved_pairs,saved_models/pu_xmsat_formal/pu_xmsat_full_msat_pu_hybrid_seed2026_pairs66015_valf1_u0p2_rn0p8_fold0.pt,True,"PU-XMSAT prediction scores are model-ranked hypotheses for CMM-ADR triage; they are not external clinical validation, confirmed causal effects, or medical recommendations."
31,337,埃及三叶草（Trifolium alexandrinum）,Trifolium alexandrinum,埃及三叶草,AI JI CHE ZHOU CAO,4363,Vegetative dystonia,0.9984625577926636,0.9984625577926636,0.9984625577926636,False,1,0,知识图谱中未发现该 CMM–ADR 对的显式短路径（模型仍基于嵌入推断）,pu_xmsat_global_unobserved_pairs,pu_xmsat_global_unobserved_pairs,saved_models/pu_xmsat_formal/pu_xmsat_full_msat_pu_hybrid_seed2026_pairs66015_valf1_u0p2_rn0p8_fold0.pt,True,"PU-XMSAT prediction scores are model-ranked hypotheses for CMM-ADR triage; they are not external clinical validation, confirmed causal effects, or medical recommendations."
32,573,菝契（Smilax china [Syn. Smilax japonica ]）,Smilax china [Syn. Smilax japonica ],菝契,BA QIA,4997,Jaundice,0.9984490871429443,0.9984490871429443,0.9984490871429443,False,1,0,知识图谱中未发现该 CMM–ADR 对的显式短路径（模型仍基于嵌入推断）,pu_xmsat_global_unobserved_pairs,pu_xmsat_global_unobserved_pairs,saved_models/pu_xmsat_formal/pu_xmsat_full_msat_pu_hybrid_seed2026_pairs66015_valf1_u0p2_rn0p8_fold0.pt,True,"PU-XMSAT prediction scores are model-ranked hypotheses for CMM-ADR triage; they are not external clinical validation, confirmed causal effects, or medical recommendations."
33,145,刺菜蓟（Cynara cardunculus）,Cynara cardunculus,刺菜蓟,CI CAI JI,862,Teeth clenching,0.9984462857246399,0.9984462857246399,0.9984462857246399,False,1,0,知识图谱中未发现该 CMM–ADR 对的显式短路径（模型仍基于嵌入推断）,pu_xmsat_global_unobserved_pairs,pu_xmsat_global_unobserved_pairs,saved_models/pu_xmsat_formal/pu_xmsat_full_msat_pu_hybrid_seed2026_pairs66015_valf1_u0p2_rn0p8_fold0.pt,True,"PU-XMSAT prediction scores are model-ranked hypotheses for CMM-ADR triage; they are not external clinical validation, confirmed causal effects, or medical recommendations."
34,237,野草莓（Fragaria vesca?L.）,Fragaria vesca?L.,野草莓,YE CAO MEI,1422,Influenza like illness,0.9984460473060608,0.9984460473060608,0.9984460473060608,False,1,0,知识图谱中未发现该 CMM–ADR 对的显式短路径（模型仍基于嵌入推断）,pu_xmsat_global_unobserved_pairs,pu_xmsat_global_unobserved_pairs,saved_models/pu_xmsat_formal/pu_xmsat_full_msat_pu_hybrid_seed2026_pairs66015_valf1_u0p2_rn0p8_fold0.pt,True,"PU-XMSAT prediction scores are model-ranked hypotheses for CMM-ADR triage; they are not external clinical validation, confirmed causal effects, or medical recommendations."
35,237,野草莓（Fragaria vesca?L.）,Fragaria vesca?L.,野草莓,YE CAO MEI,4363,Vegetative dystonia,0.9984415173530579,0.9984415173530579,0.9984415173530579,False,1,0,知识图谱中未发现该 CMM–ADR 对的显式短路径（模型仍基于嵌入推断）,pu_xmsat_global_unobserved_pairs,pu_xmsat_global_unobserved_pairs,saved_models/pu_xmsat_formal/pu_xmsat_full_msat_pu_hybrid_seed2026_pairs66015_valf1_u0p2_rn0p8_fold0.pt,True,"PU-XMSAT prediction scores are model-ranked hypotheses for CMM-ADR triage; they are not external clinical validation, confirmed causal effects, or medical recommendations."
36,339,Isodon melissoides,Isodon melissoides,,BAO YE XIANG CHA CAI,4535,Flushing,0.9984281063079834,0.9984281063079834,0.9984281063079834,False,1,0,知识图谱中未发现该 CMM–ADR 对的显式短路径（模型仍基于嵌入推断）,pu_xmsat_global_unobserved_pairs,pu_xmsat_global_unobserved_pairs,saved_models/pu_xmsat_formal/pu_xmsat_full_msat_pu_hybrid_seed2026_pairs66015_valf1_u0p2_rn0p8_fold0.pt,True,"PU-XMSAT prediction scores are model-ranked hypotheses for CMM-ADR triage; they are not external clinical validation, confirmed causal effects, or medical recommendations."
37,339,Isodon melissoides,Isodon melissoides,,BAO YE XIANG CHA CAI,4363,Vegetative dystonia,0.9984229803085327,0.9984229803085327,0.9984229803085327,False,1,0,知识图谱中未发现该 CMM–ADR 对的显式短路径（模型仍基于嵌入推断）,pu_xmsat_global_unobserved_pairs,pu_xmsat_global_unobserved_pairs,saved_models/pu_xmsat_formal/pu_xmsat_full_msat_pu_hybrid_seed2026_pairs66015_valf1_u0p2_rn0p8_fold0.pt,True,"PU-XMSAT prediction scores are model-ranked hypotheses for CMM-ADR triage; they are not external clinical validation, confirmed causal effects, or medical recommendations."
38,145,刺菜蓟（Cynara cardunculus）,Cynara cardunculus,刺菜蓟,CI CAI JI,1506,Prostate examination abnormal,0.9984123706817627,0.9984123706817627,0.9984123706817627,False,1,0,知识图谱中未发现该 CMM–ADR 对的显式短路径（模型仍基于嵌入推断）,pu_xmsat_global_unobserved_pairs,pu_xmsat_global_unobserved_pairs,saved_models/pu_xmsat_formal/pu_xmsat_full_msat_pu_hybrid_seed2026_pairs66015_valf1_u0p2_rn0p8_fold0.pt,True,"PU-XMSAT prediction scores are model-ranked hypotheses for CMM-ADR triage; they are not external clinical validation, confirmed causal effects, or medical recommendations."
39,314,耙齿菌多糖（Irpex lacteus?(Fr.) Fr.）,Irpex lacteus?(Fr.) Fr.,耙齿菌多糖,PA?CHI JUN DUO TANG,4535,Flushing,0.9983982443809509,0.9983982443809509,0.9983982443809509,False,1,0,知识图谱中未发现该 CMM–ADR 对的显式短路径（模型仍基于嵌入推断）,pu_xmsat_global_unobserved_pairs,pu_xmsat_global_unobserved_pairs,saved_models/pu_xmsat_formal/pu_xmsat_full_msat_pu_hybrid_seed2026_pairs66015_valf1_u0p2_rn0p8_fold0.pt,True,"PU-XMSAT prediction scores are model-ranked hypotheses for CMM-ADR triage; they are not external clinical validation, confirmed causal effects, or medical recommendations."
40,274,显脉香茶菜（Rabdosia nervosa）,Rabdosia nervosa,显脉香茶菜,XIAN MAI XIANG CHA CAI,4363,Vegetative dystonia,0.9983915686607361,0.9983915686607361,0.9983915686607361,False,1,0,知识图谱中未发现该 CMM–ADR 对的显式短路径（模型仍基于嵌入推断）,pu_xmsat_global_unobserved_pairs,pu_xmsat_global_unobserved_pairs,saved_models/pu_xmsat_formal/pu_xmsat_full_msat_pu_hybrid_seed2026_pairs66015_valf1_u0p2_rn0p8_fold0.pt,True,"PU-XMSAT prediction scores are model-ranked hypotheses for CMM-ADR triage; they are not external clinical validation, confirmed causal effects, or medical recommendations."
41,234,Anemone obtusiloba,Anemone obtusiloba,,DUN LIE YIN LIAN HUA,1909,Vitamin B12 deficiency,0.9983647465705872,0.9983647465705872,0.9983647465705872,False,1,0,知识图谱中未发现该 CMM–ADR 对的显式短路径（模型仍基于嵌入推断）,pu_xmsat_global_unobserved_pairs,pu_xmsat_global_unobserved_pairs,saved_models/pu_xmsat_formal/pu_xmsat_full_msat_pu_hybrid_seed2026_pairs66015_valf1_u0p2_rn0p8_fold0.pt,True,"PU-XMSAT prediction scores are model-ranked hypotheses for CMM-ADR triage; they are not external clinical validation, confirmed causal effects, or medical recommendations."
42,237,野草莓（Fragaria vesca?L.）,Fragaria vesca?L.,野草莓,YE CAO MEI,241,Ocular hyperaemia,0.9983633160591125,0.9983633160591125,0.9983633160591125,False,1,0,知识图谱中未发现该 CMM–ADR 对的显式短路径（模型仍基于嵌入推断）,pu_xmsat_global_unobserved_pairs,pu_xmsat_global_unobserved_pairs,saved_models/pu_xmsat_formal/pu_xmsat_full_msat_pu_hybrid_seed2026_pairs66015_valf1_u0p2_rn0p8_fold0.pt,True,"PU-XMSAT prediction scores are model-ranked hypotheses for CMM-ADR triage; they are not external clinical validation, confirmed causal effects, or medical recommendations."
43,333,Delphinium pentagynum,Delphinium pentagynum,,WU ZHU FEI YAN CAO,4535,Flushing,0.9983610510826111,0.9983610510826111,0.9983610510826111,False,1,0,知识图谱中未发现该 CMM–ADR 对的显式短路径（模型仍基于嵌入推断）,pu_xmsat_global_unobserved_pairs,pu_xmsat_global_unobserved_pairs,saved_models/pu_xmsat_formal/pu_xmsat_full_msat_pu_hybrid_seed2026_pairs66015_valf1_u0p2_rn0p8_fold0.pt,True,"PU-XMSAT prediction scores are model-ranked hypotheses for CMM-ADR triage; they are not external clinical validation, confirmed causal effects, or medical recommendations."
44,487,Euphorbia hyberna,Euphorbia hyberna,,HAI BO NA DA JI,4230,Anorectal discomfort,0.9983591437339783,0.9983591437339783,0.9983591437339783,False,1,0,知识图谱中未发现该 CMM–ADR 对的显式短路径（模型仍基于嵌入推断）,pu_xmsat_global_unobserved_pairs,pu_xmsat_global_unobserved_pairs,saved_models/pu_xmsat_formal/pu_xmsat_full_msat_pu_hybrid_seed2026_pairs66015_valf1_u0p2_rn0p8_fold0.pt,True,"PU-XMSAT prediction scores are model-ranked hypotheses for CMM-ADR triage; they are not external clinical validation, confirmed causal effects, or medical recommendations."
45,526,板栗（Castanea mollissima）,Castanea mollissima,板栗,LI SHU PI,2625,Conjunctival hyperaemia,0.9983422756195068,0.9983422756195068,0.9983422756195068,False,1,0,知识图谱中未发现该 CMM–ADR 对的显式短路径（模型仍基于嵌入推断）,pu_xmsat_global_unobserved_pairs,pu_xmsat_global_unobserved_pairs,saved_models/pu_xmsat_formal/pu_xmsat_full_msat_pu_hybrid_seed2026_pairs66015_valf1_u0p2_rn0p8_fold0.pt,True,"PU-XMSAT prediction scores are model-ranked hypotheses for CMM-ADR triage; they are not external clinical validation, confirmed causal effects, or medical recommendations."
46,255,Rhododendron anthopogonoides,Rhododendron anthopogonoides,,XIAO YE PI PA,3111,Dizzy spells,0.9983351826667786,0.9983351826667786,0.9983351826667786,False,1,0,知识图谱中未发现该 CMM–ADR 对的显式短路径（模型仍基于嵌入推断）,pu_xmsat_global_unobserved_pairs,pu_xmsat_global_unobserved_pairs,saved_models/pu_xmsat_formal/pu_xmsat_full_msat_pu_hybrid_seed2026_pairs66015_valf1_u0p2_rn0p8_fold0.pt,True,"PU-XMSAT prediction scores are model-ranked hypotheses for CMM-ADR triage; they are not external clinical validation, confirmed causal effects, or medical recommendations."
47,274,显脉香茶菜（Rabdosia nervosa）,Rabdosia nervosa,显脉香茶菜,XIAN MAI XIANG CHA CAI,5596,Tinnitus,0.9983341097831726,0.9983341097831726,0.9983341097831726,False,1,0,知识图谱中未发现该 CMM–ADR 对的显式短路径（模型仍基于嵌入推断）,pu_xmsat_global_unobserved_pairs,pu_xmsat_global_unobserved_pairs,saved_models/pu_xmsat_formal/pu_xmsat_full_msat_pu_hybrid_seed2026_pairs66015_valf1_u0p2_rn0p8_fold0.pt,True,"PU-XMSAT prediction scores are model-ranked hypotheses for CMM-ADR triage; they are not external clinical validation, confirmed causal effects, or medical recommendations."
48,274,显脉香茶菜（Rabdosia nervosa）,Rabdosia nervosa,显脉香茶菜,XIAN MAI XIANG CHA CAI,4535,Flushing,0.9983230233192444,0.9983230233192444,0.9983230233192444,False,1,0,知识图谱中未发现该 CMM–ADR 对的显式短路径（模型仍基于嵌入推断）,pu_xmsat_global_unobserved_pairs,pu_xmsat_global_unobserved_pairs,saved_models/pu_xmsat_formal/pu_xmsat_full_msat_pu_hybrid_seed2026_pairs66015_valf1_u0p2_rn0p8_fold0.pt,True,"PU-XMSAT prediction scores are model-ranked hypotheses for CMM-ADR triage; they are not external clinical validation, confirmed causal effects, or medical recommendations."
49,3,活性碳,,活性碳,HUO XING TAN,3111,Dizzy spells,0.9983214735984802,0.9983214735984802,0.9983214735984802,False,1,0,知识图谱中未发现该 CMM–ADR 对的显式短路径（模型仍基于嵌入推断）,pu_xmsat_global_unobserved_pairs,pu_xmsat_global_unobserved_pairs,saved_models/pu_xmsat_formal/pu_xmsat_full_msat_pu_hybrid_seed2026_pairs66015_valf1_u0p2_rn0p8_fold0.pt,True,"PU-XMSAT prediction scores are model-ranked hypotheses for CMM-ADR triage; they are not external clinical validation, confirmed causal effects, or medical recommendations."
50,363,Embelia oblongifolia,Embelia oblongifolia,,MA GUI HUA,4363,Vegetative dystonia,0.9983153343200684,0.9983153343200684,0.9983153343200684,False,1,0,知识图谱中未发现该 CMM–ADR 对的显式短路径（模型仍基于嵌入推断）,pu_xmsat_global_unobserved_pairs,pu_xmsat_global_unobserved_pairs,saved_models/pu_xmsat_formal/pu_xmsat_full_msat_pu_hybrid_seed2026_pairs66015_valf1_u0p2_rn0p8_fold0.pt,True,"PU-XMSAT prediction scores are model-ranked hypotheses for CMM-ADR triage; they are not external clinical validation, confirmed causal effects, or medical recommendations."
